<?xml version="1.0" encoding="UTF-8"?>
<project-private xmlns="http://www.netbeans.org/ns/project-private/1">
    <editor-bookmarks xmlns="http://www.netbeans.org/ns/editor-bookmarks/2" lastBookmarkId="0"/>
    <open-files xmlns="http://www.netbeans.org/ns/projectui-open-files/2">
        <group>
            <file>file:/home/aaron/NetBeansProjects/SIRES/src/vista/PanelBotones.java</file>
            <file>file:/home/aaron/NetBeansProjects/SIRES/src/modelo/RegistroEstudiante.java</file>
            <file>file:/home/aaron/NetBeansProjects/SIRES/src/modelo/Estudiante.java</file>
            <file>file:/home/aaron/NetBeansProjects/SIRES/src/controlador/ControlEstudiante.java</file>
            <file>file:/home/aaron/NetBeansProjects/SIRES/src/vista/PanelEstudiante.java</file>
            <file>file:/home/aaron/NetBeansProjects/SIRES/src/vista/GUIEstudiante.java</file>
        </group>
    </open-files>
</project-private>
